Link Name,Center of Mass X,Center of Mass Y,Center of Mass Z,Center of Mass Roll,Center of Mass Pitch,Center of Mass Yaw,Mass,Moment Ixx,Moment Ixy,Moment Ixz,Moment Iyy,Moment Iyz,Moment Izz,Visual X,Visual Y,Visual Z,Visual Roll,Visual Pitch,Visual Yaw,Mesh Filename,Color Red,Color Green,Color Blue,Color Alpha,Collision X,Collision Y,Collision Z,Collision Roll,Collision Pitch,Collision Yaw,Collision Mesh Filename,Material Name,SW Components,Coordinate System,Axis Name,Joint Name,Joint Type,Joint Origin X,Joint Origin Y,Joint Origin Z,Joint Origin Roll,Joint Origin Pitch,Joint Origin Yaw,Parent,Joint Axis X,Joint Axis Y,Joint Axis Z,Limit Effort,Limit Velocity,Limit Lower,Limit Upper,Calibration rising,Calibration falling,Dynamics Damping,Dynamics Friction,Safety Soft Upper,Safety Soft Lower,Safety K Position,Safety K Velocity
base_link,-0.000322441354283202,-0.000995006327456659,-0.0595099430890746,0,0,0,0.879732361338786,0.00772866160392451,8.94828093934065E-07,-2.99787653517757E-06,0.00771937850746571,1.29940052041152E-05,0.00247468353452587,0,0,0,0,0,0,package://f7/meshes/base_link.STL,0.898039215686275,0.913725490196078,0.925490196078431,1,0,0,0,0,0,0,package://f7/meshes/base_link.STL,,手指組合檔-1/快拆基座側板_A-1;手指組合檔-1/快拆基座側板_B-1;手指組合檔-1/底座側板-1;手指組合檔-1/底座旋轉滑塊-1;手指組合檔-1/快拆圓形基座-1;手指組合檔-1/底座側板-2;手指組合檔-2-1/快拆基座側板_B-1;手指組合檔-2-1/快拆基座側板_A-1;手指組合檔-3-1/快拆基座側板_B-1;手指組合檔-3-1/快拆基座側板_A-1;手指組合檔-3-1/快拆圓形基座-1;手指組合檔-3-1/底座側板-2;手指組合檔-3-1/底座側板-1;手指組合檔-3-1/底座旋轉滑塊-1;底座組合檔-1/底座支撐壁-1;支撐艙組合檔-1/吸嘴支撐架-1;支撐艙組合檔-1/支撐艙側蓋板-1;支撐艙組合檔-1/UR5轉接板-1;支撐艙組合檔-1/支撐艙下蓋板-1;支撐艙組合檔-1/支撐艙-1;手指組合檔-4-1/快拆基座側板_B-1;手指組合檔-4-1/快拆基座側板_A-1;手指組合檔-1-1/快拆基座側板_A-1;手指組合檔-1-1/快拆圓形基座-1;手指組合檔-1-1/快拆基座側板_B-1;底座組合檔-1/底座手指壓板-1;手指組合檔-1-1/底座側板-2;手指組合檔-1-1/底座側板-1;手指組合檔-1-1/底座旋轉滑塊-1;手指組合檔-3-1/手指長軸棒_A-6;手指組合檔-4-1/手指長軸棒_A-2;手指組合檔-4-1/快拆圓形基座-1;手指組合檔-2-1/快拆圓形基座-1;手指組合檔-2-1/底座旋轉滑塊-1;手指組合檔-2-1/底座側板-2;手指組合檔-2-1/底座側板-1;手指組合檔-2-1/手指長軸棒_A-5;手指組合檔-1-1/手指長軸棒_A-7;手指組合檔-1/手指長軸棒_A-3;手指組合檔-4-1/底座旋轉滑塊-1;手指組合檔-4-1/底座側板-1;手指組合檔-4-1/底座側板-2;手指組合檔-4-1/手指長軸棒_B-4,Origin_global,,,,0,0,0,0,0,0,,0,0,0,,,,,,,,,,,,
finger1_Link,-0.00984999999999989,0.0132074470464884,0.0152027314679949,0,0,0,0.00714313271397723,2.06682654380161E-06,-6.95025055678539E-21,-6.39805639795393E-21,1.40504643001268E-06,-5.94777176557227E-07,1.35432503257637E-06,0,0,0,0,0,0,package://f7/meshes/finger1_Link.STL,0.898039215686275,0.913725490196078,0.925490196078431,1,0,0,0,0,0,0,package://f7/meshes/finger1_Link.STL,,手指組合檔-3-1/近端指節側板-1;手指組合檔-3-1/近端指節側板-2;手指組合檔-3-1/手指長軸棒_A-2;手指組合檔-3-1/近端指節側邊固定塊-1,座標系統1,基準軸1,finger1_joint,continuous,0.00985000000000039,-0.0393999999999999,0.109,1.5707963267949,0,0,base_link,-1,0,0,,,,,,,,,,,,
finger6_Link,-0.00984999999999991,0.0210007075304967,0.00679570327231402,0,0,0,0.00772431918132592,1.47828738605719E-06,-3.67929936463587E-21,-2.53117267441226E-21,5.6585608186125E-07,-2.00210169042549E-07,1.23362645221474E-06,0,0,0,0,0,0,package://f7/meshes/finger6_Link.STL,0.898039215686275,0.913725490196078,0.925490196078431,1,0,0,0,0,0,0,package://f7/meshes/finger6_Link.STL,,手指組合檔-3-1/遠端指節側板-2;手指組合檔-3-1/可拆式指尖_A-1;手指組合檔-3-1/遠端指節側板-1,座標系統6,基準軸6,finger6_joint,continuous,0,0.0280505462687021,0.028516080621772,0,0,0,finger1_Link,-1,0,0,,,,,,,,,,,,
finger2_Link,-0.0175024742227151,0.0132074470464884,-0.00467000430097794,0,0,0,0.00714313271397721,1.42236287263947E-06,5.65666709508379E-07,2.09398940267152E-07,1.40504643001268E-06,-1.83796255422538E-07,1.99878870373851E-06,0,0,0,0,0,0,package://f7/meshes/finger2_Link.STL,0.898039215686275,0.913725490196078,0.925490196078431,1,0,0,0,0,0,0,package://f7/meshes/finger2_Link.STL,,手指組合檔-4-1/近端指節側板-2;手指組合檔-4-1/近端指節側板-1;手指組合檔-4-1/手指長軸棒_A-7;手指組合檔-4-1/近端指節側邊固定塊-1,座標系統2,基準軸2,finger2_joint,continuous,-0.0344278093474356,-0.0215431762638805,0.109,1.5707963267949,0,0,base_link,-0.309016994374957,0,-0.951056516295151,,,,,,,,,,,,
finger7_Link,-0.00950691527453575,0.0210007075304967,-0.00726791888563269,0,0,0,0.00772431918132593,1.25698949246688E-06,1.9041118589647E-07,7.19040443623508E-08,5.65856081861251E-07,-6.18683446808328E-08,1.45492434580506E-06,0,0,0,0,0,0,package://f7/meshes/finger7_Link.STL,0.898039215686275,0.913725490196078,0.925490196078431,1,0,0,0,0,0,0,package://f7/meshes/finger7_Link.STL,,手指組合檔-4-1/可拆式指尖_A-1;手指組合檔-4-1/遠端指節側板-1;手指組合檔-4-1/遠端指節側板-2,座標系統7,基準軸7,finger7_joint,continuous,-0.0271204042945341,0.0280505462687021,0.00881195352509393,0,0,0,finger2_Link,-0.309016994374957,0,-0.95105651629515,,,,,,,,,,,,
finger3_Link,-0.000967123956856955,0.0132074470464884,-0.0180889528536075,0,0,0,0.00714313271397722,1.8206633259322E-06,3.49601252780499E-07,-3.38814602560454E-07,1.40504643001268E-06,4.8118484370114E-07,1.60048825044578E-06,0,0,0,0,0,0,package://f7/meshes/finger3_Link.STL,0.898039215686275,0.913725490196078,0.925490196078431,1,0,0,0,0,0,0,package://f7/meshes/finger3_Link.STL,,手指組合檔-2-1/近端指節側板-2;手指組合檔-2-1/手指長軸棒_A-6;手指組合檔-2-1/近端指節側板-1;手指組合檔-2-1/近端指節側邊固定塊-2,座標系統3,基準軸3,finger3_joint,continuous,-0.031127556334917,0.0260855848432918,0.109,1.5707963267949,0,0,base_link,0.809016994374941,0,-0.587785252292481,,,,,,,,,,,,
finger8_Link,0.00397440323217129,0.0210007075304967,-0.0112875241711123,0,0,0,0.00772431918132592,1.39375911234444E-06,1.17680584722197E-07,-1.16343187706862E-07,5.65856081861249E-07,1.61973429202101E-07,1.31815472592749E-06,0,0,0,0,0,0,package://f7/meshes/finger8_Link.STL,0.898039215686275,0.913725490196078,0.925490196078431,1,0,0,0,0,0,0,package://f7/meshes/finger8_Link.STL,,手指組合檔-2-1/可拆式指尖_A-1;手指組合檔-2-1/遠端指節側板-1;手指組合檔-2-1/遠端指節側板-2,座標系統8,基準軸8,finger8_joint,continuous,-0.016761331642661,0.0280505462687021,-0.0230699938359795,0,0,0,finger3_Link,0.809016994374941,0,-0.587785252292481,,,,,,,,,,,,
finger4_Link,0.0169047587460432,0.0132074470464884,-0.00650958338344588,0,0,0,0.00714313271397722,1.82066332593221E-06,-3.49601252780489E-07,3.38814602560449E-07,1.40504643001268E-06,4.81184843701149E-07,1.60048825044577E-06,0,0,0,0,0,0,package://f7/meshes/finger4_Link.STL,0.898039215686275,0.913725490196078,0.925490196078431,1,0,0,0,0,0,0,package://f7/meshes/finger4_Link.STL,,手指組合檔-1-1/近端指節側板-2;手指組合檔-1-1/近端指節側板-1;手指組合檔-1-1/手指長軸棒_A-2;手指組合檔-1-1/近端指節側邊固定塊-1,座標系統4,基準軸4,finger4_joint,continuous,0.0151899215457299,0.037664954313454,0.109,1.5707963267949,0,0,base_link,0.809016994374954,0,0.587785252292464,,,,,,,,,,,,
finger9_Link,0.011963231557015,0.0210007075304966,0.000291845299049347,0,0,0,0.00772431918132592,1.39375911234445E-06,-1.17680584722191E-07,1.16343187706861E-07,5.65856081861248E-07,1.61973429202105E-07,1.31815472592748E-06,0,0,0,0,0,0,package://f7/meshes/finger9_Link.STL,0.898039215686275,0.913725490196078,0.925490196078431,1,0,0,0,0,0,0,package://f7/meshes/finger9_Link.STL,,手指組合檔-1-1/可拆式指尖_A-1;手指組合檔-1-1/遠端指節側板-2;手指組合檔-1-1/遠端指節側板-1,座標系統9,基準軸9,finger9_joint,continuous,0.0167613316426605,0.0280505462687021,-0.0230699938359798,0,0,0,finger4_Link,0.809016994374953,0,0.587785252292465,,,,,,,,,,,,
finger5_Link,0.0114148394335288,0.0132074470464884,0.0140658090700364,0,0,0,0.00714313271397722,1.42236287263946E-06,-5.65666709508386E-07,-2.0939894026714E-07,1.40504643001268E-06,-1.83796255422525E-07,1.99878870373851E-06,0,0,0,0,0,0,package://f7/meshes/finger5_Link.STL,0.898039215686275,0.913725490196078,0.925490196078431,1,0,0,0,0,0,0,package://f7/meshes/finger5_Link.STL,,手指組合檔-1/近端指節側板-2;手指組合檔-1/近端指節側板-1;手指組合檔-1/手指長軸棒_A-2;手指組合檔-1/近端指節側邊固定塊-1,座標系統5,基準軸5,finger5_joint,continuous,0.0405154441366223,-0.00280736289286525,0.109,1.5707963267949,0,0,base_link,-0.309016994374937,0,0.951056516295157,,,,,,,,,,,,
finger10_Link,0.00341928048534933,0.0210007075304966,0.0114678944853817,0,0,0,0.00772431918132592,1.25698949246687E-06,-1.90411185896472E-07,-7.19040443623463E-08,5.6585608186125E-07,-6.18683446808249E-08,1.45492434580506E-06,0,0,0,0,0,0,package://f7/meshes/finger10_Link.STL,0.898039215686275,0.913725490196078,0.925490196078431,1,0,0,0,0,0,0,package://f7/meshes/finger10_Link.STL,,手指組合檔-1/可拆式指尖_A-1;手指組合檔-1/遠端指節側板-1;手指組合檔-1/遠端指節側板-2,座標系統10,基準軸10,finger10_joint,continuous,0.0271204042945343,0.0280505462687021,0.00881195352509339,0,0,0,finger5_Link,-0.309016994374938,0,0.951056516295157,,,,,,,,,,,,
