Link Name,Center of Mass X,Center of Mass Y,Center of Mass Z,Center of Mass Roll,Center of Mass Pitch,Center of Mass Yaw,Mass,Moment Ixx,Moment Ixy,Moment Ixz,Moment Iyy,Moment Iyz,Moment Izz,Visual X,Visual Y,Visual Z,Visual Roll,Visual Pitch,Visual Yaw,Mesh Filename,Color Red,Color Green,Color Blue,Color Alpha,Collision X,Collision Y,Collision Z,Collision Roll,Collision Pitch,Collision Yaw,Collision Mesh Filename,Material Name,SW Components,Coordinate System,Axis Name,Joint Name,Joint Type,Joint Origin X,Joint Origin Y,Joint Origin Z,Joint Origin Roll,Joint Origin Pitch,Joint Origin Yaw,Parent,Joint Axis X,Joint Axis Y,Joint Axis Z,Limit Effort,Limit Velocity,Limit Lower,Limit Upper,Calibration rising,Calibration falling,Dynamics Damping,Dynamics Friction,Safety Soft Upper,Safety Soft Lower,Safety K Position,Safety K Velocity
base_link,-0.096042,-7.4265E-16,0.20302,0,0,0,0.054946,2.3648E-05,4.8307E-22,6.552E-19,2.3648E-05,-8.8867E-20,4.5235E-05,0,0,0,0,0,0,package://Gripper02/meshes/base_link.STL,0.79216,0.81961,0.93333,1,0,0,0,0,0,0,package://Gripper02/meshes/base_link.STL,,快換-1,Origin_global,,,,0,0,0,0,0,0,,0,0,0,,,,,,,,,,,,
grey,-0.0062935,5.8384E-06,-0.091168,0,0,0,0.48682,0.0068411,-1.7892E-08,-5.6265E-05,0.0069909,-2.9893E-07,0.0010258,0,0,0,0,0,0,package://Gripper02/meshes/grey.STL,0.79216,0.81961,0.93333,1,0,0,0,0,0,0,package://Gripper02/meshes/grey.STL,,複製 of 組合件6-1/Infinity Gauntlet changeV2.1-1;複製 of 組合件6-1/夾爪組合檔-1/支撐艙組合檔-1/支撐艙側蓋板-1;複製 of 組合件6-1/夾爪組合檔-1/手指組合檔-2-1/拇指旋轉型鎖定器-2-1/QCTHH0525-10.step-2-1/qcthh0525-10_01.step-1;複製 of 組合件6-1/夾爪組合檔-1/手指組合檔-2-1/拇指旋轉型鎖定器-2-1/QCTHH0525-10.step-2-1/qcthh0525-10_02.step-1;複製 of 組合件6-1/夾爪組合檔-1/手指組合檔-4-1/拇指旋轉型鎖定器-4-1/QCTHH0525-10.step-4-1/qcthh0525-10_01.step-1;複製 of 組合件6-1/夾爪組合檔-1/手指組合檔-4-1/拇指旋轉型鎖定器-4-1/QCTHH0525-10.step-4-1/qcthh0525-10_02.step-1;複製 of 組合件6-1/夾爪組合檔-1/手指組合檔-4-1/快拆基座側板_A-1;複製 of 組合件6-1/夾爪組合檔-1/手指組合檔-4-1/快拆圓形基座-1;複製 of 組合件6-1/夾爪組合檔-1/手指組合檔-4-1/快拆基座側板_B-1;複製 of 組合件6-1/夾爪組合檔-1/手指組合檔-2-1/快拆圓形基座-1;複製 of 組合件6-1/夾爪組合檔-1/手指組合檔-2-1/底座旋轉滑塊-1;複製 of 組合件6-1/夾爪組合檔-1/手指組合檔-2-1/快拆基座側板_A-1;複製 of 組合件6-1/夾爪組合檔-1/手指組合檔-3-1/快拆基座側板_A-1;複製 of 組合件6-1/夾爪組合檔-1/手指組合檔-3-1/拇指旋轉型鎖定器-3-1/QCTHH0525-10.step-3-1/qcthh0525-10_02.step-1;複製 of 組合件6-1/夾爪組合檔-1/手指組合檔-3-1/拇指旋轉型鎖定器-3-1/QCTHH0525-10.step-3-1/qcthh0525-10_01.step-1;複製 of 組合件6-1/夾爪組合檔-1/手指組合檔-3-1/底座旋轉滑塊-1;複製 of 組合件6-1/夾爪組合檔-1/手指組合檔-3-1/快拆圓形基座-1;複製 of 組合件6-1/夾爪組合檔-1/手指組合檔-3-1/快拆基座側板_B-1;複製 of 組合件6-1/夾爪組合檔-1/手指組合檔-4-1/底座旋轉滑塊-1;複製 of 組合件6-1/夾爪組合檔-1/手指組合檔-1/拇指旋轉型鎖定器-1/QCTHH0525-10.step-1/qcthh0525-10_02.step-1;複製 of 組合件6-1/夾爪組合檔-1/手指組合檔-1/拇指旋轉型鎖定器-1/QCTHH0525-10.step-1/qcthh0525-10_01.step-1;複製 of 組合件6-1/夾爪組合檔-1/手指組合檔-1/快拆圓形基座-1;複製 of 組合件6-1/夾爪組合檔-1/手指組合檔-1/底座旋轉滑塊-1;複製 of 組合件6-1/夾爪組合檔-1/手指組合檔-1/快拆基座側板_A-1;複製 of 組合件6-1/夾爪組合檔-1/手指組合檔-1/快拆基座側板_B-1;複製 of 組合件6-1/夾爪組合檔-1/手指組合檔-1-1/快拆圓形基座-1;複製 of 組合件6-1/夾爪組合檔-1/手指組合檔-1-1/快拆基座側板_A-1;複製 of 組合件6-1/夾爪組合檔-1/手指組合檔-1-1/拇指旋轉型鎖定器-1-1/QCTHH0525-10.step-1-1/qcthh0525-10_01.step-1;複製 of 組合件6-1/夾爪組合檔-1/手指組合檔-1-1/拇指旋轉型鎖定器-1-1/QCTHH0525-10.step-1-1/qcthh0525-10_02.step-1;複製 of 組合件6-1/夾爪組合檔-1/手指組合檔-1-1/快拆基座側板_B-1;複製 of 組合件6-1/夾爪組合檔-1/手指組合檔-1-1/底座旋轉滑塊-1;複製 of 組合件6-1/夾爪組合檔-1/手指組合檔-1-1/底座側板-1;複製 of 組合件6-1/夾爪組合檔-1/手指組合檔-1-1/底座側板-2;複製 of 組合件6-1/夾爪組合檔-1/手指組合檔-1/底座側板-1;複製 of 組合件6-1/夾爪組合檔-1/手指組合檔-1/底座側板-2;複製 of 組合件6-1/夾爪組合檔-1/手指組合檔-3-1/底座側板-2;複製 of 組合件6-1/夾爪組合檔-1/手指組合檔-3-1/底座側板-1;複製 of 組合件6-1/夾爪組合檔-1/手指組合檔-4-1/底座側板-1;複製 of 組合件6-1/夾爪組合檔-1/手指組合檔-4-1/底座側板-2;複製 of 組合件6-1/夾爪組合檔-1/手指組合檔-2-1/底座側板-1;複製 of 組合件6-1/夾爪組合檔-1/手指組合檔-2-1/底座側板-2;複製 of 組合件6-1/夾爪組合檔-1/手指組合檔-2-1/快拆基座側板_B-1,Origin_grey_joint,Axis_grey_joint,grey_joint,fixed,-0.0960419293526338,0,0.175521388211239,0,0,-3.14159265358979,base_link,0,0,0,,,,,,,,,,,,
black,0.0004378,0.04747,-0.0033271,0,0,0,0.64209,0.0043265,-4.1244E-06,-2.8239E-07,0.0017282,5.4424E-05,0.0044786,0,0,0,0,0,0,package://Gripper02/meshes/black.STL,0.2,0.2,0.2,1,0,0,0,0,0,0,package://Gripper02/meshes/black.STL,,複製 of 組合件6-1/夾爪組合檔-1/支撐艙組合檔-1/支撐艙-1;複製 of 組合件6-1/夾爪組合檔-1/支撐艙組合檔-1/支撐艙下蓋板-1;複製 of 組合件6-1/夾爪組合檔-1/底座組合檔-1/底座支撐壁-1;複製 of 組合件6-1/夾爪組合檔-1/底座組合檔-1/底座頂端支撐壁-1,Origin_black_joint,,black_joint,fixed,0,0,-0.17,1.5708,0,-1.5708,grey,0,0,0,,,,,,,,,,,,
green,-0.13245,-0.047311,0.10552,0,0,0,0.0014566,6.4155E-08,-2.001E-08,2.0999E-22,3.0575E-08,4.432E-22,7.3486E-08,0,0,0,0,0,0,package://Gripper02/meshes/green.STL,0.1,0.81961,0.1,0.8,0,0,0,0,0,0,package://Gripper02/meshes/green.STL,,複製 of 組合件6-1/夾爪組合檔-1/支撐艙組合檔-1/LED指示燈-1,Origin_global,Axis_green_joint,green_joint,fixed,-0.0960419293526391,0,-0.175521388211236,0,0,3.14159265358979,grey,0,0,0,,,,,,,,,,,,
LCD,0.00018009,-4.4548E-05,0.011281,0,0,0,0.023139,3.5636E-06,-1.8523E-10,3.06E-08,3.5104E-06,1.4834E-08,3.2184E-06,0,0,0,0,0,0,package://Gripper02/meshes/LCD.STL,1,1,1,0.8,0,0,0,0,0,0,package://Gripper02/meshes/LCD.STL,,複製 of 組合件6-1/夾爪組合檔-1/支撐艙組合檔-1/氣壓感測器_ZSE20AF_R_M5_J_0_-1/ZSE20AF_R_M5_J_0__5-1,Origin_LCDjoint,Axis_LCDjoint,LCDjoint,fixed,0.0125999999968275,0.0401000000000003,-0.106722275994138,1.57079632679489,0,3.14159265358979,grey,0,0,0,,,,,,,,,,,,
finger1,-0.019706,-0.0012702,-0.0085,0,0,0,0.0070044,7.7981E-07,-1.9076E-08,2.7896E-20,1.9142E-06,-8.0848E-22,2.0104E-06,0,0,0,0,0,0,package://Gripper02/meshes/finger1.STL,0.89804,0.91373,0.92549,1,0,0,0,0,0,0,package://Gripper02/meshes/finger1.STL,,複製 of 組合件6-1/夾爪組合檔-1/手指組合檔-3-1/近端指節側板-1;複製 of 組合件6-1/夾爪組合檔-1/手指組合檔-3-1/近端指節側板-2;複製 of 組合件6-1/夾爪組合檔-1/手指組合檔-3-1/近端指節側邊固定塊-1,座標系統1,基準軸1,fingerjoint1,continuous,-0.0394,0.0085,-0.289,-1.5708,-0.77717,0,grey,0,0,1,,,,,,,,,,,,
finger6,0.0085,0.00339352505701759,-0.00858955474746467,0,0,0,0.002896107088798,3.90815799215757E-07,1.60407595374252E-22,1.138829133516E-23,3.2035854663496E-07,5.56963721454072E-08,2.17193345079896E-07,0,0,0,0,0,0,package://Gripper02/meshes/finger6.STL,0.898039215686275,0.913725490196078,0.925490196078431,1,0,0,0,0,0,0,package://Gripper02/meshes/finger6.STL,,複製 of 組合件6-1/夾爪組合檔-1/手指組合檔-3-1/遠端指節側板-1;複製 of 組合件6-1/夾爪組合檔-1/手指組合檔-3-1/遠端指節側板-2,座標系統6,基準軸6,fingerjoint6,continuous,-0.04,0,0,0,1.5708,0,finger1,-1,0,0,,,,,,,,,,,,
last1,-0.0195,-1.8936E-15,-0.17006,0,0,0,0.0048282,1.7934E-07,4.849E-21,-2.9858E-08,3.1364E-07,1.3486E-21,3.0876E-07,0,0,0,0,0,0,package://Gripper02/meshes/last1.STL,0.1,0.1,0.1,1,0,0,0,0,0,0,package://Gripper02/meshes/last1.STL,,複製 of 組合件6-1/夾爪組合檔-1/手指組合檔-3-1/可拆式指尖_A-1,Origin_global,Axis_lastjoint1,lastjoint1,fixed,0.00850000000000304,-0.120620154958246,0.0791981816545688,0,0.79362781874071,-1.57079632679485,finger6,0,0,0,,,,,,,,,,,,
finger2,-0.00849999999999999,-0.00127018311559549,0.0197057060402941,0,0,0,0.00700436405042871,2.01040865272563E-06,-1.53524721689842E-21,9.39677175860239E-22,1.9142120158881E-06,1.90756963141124E-08,7.79807183871613E-07,0,0,0,0,0,0,package://Gripper02/meshes/finger2.STL,0.898039215686275,0.913725490196078,0.925490196078431,1,0,0,0,0,0,0,package://Gripper02/meshes/finger2.STL,,複製 of 組合件6-1/夾爪組合檔-1/手指組合檔-4-1/近端指節側板-2;複製 of 組合件6-1/夾爪組合檔-1/手指組合檔-4-1/近端指節側板-1;複製 of 組合件6-1/夾爪組合檔-1/手指組合檔-4-1/近端指節側邊固定塊-1,座標系統2,基準軸2,fingerjoint2,continuous,-0.020259,-0.034845,-0.289,-2.348,0,2.8274,grey,1,0,0,,,,,,,,,,,,
finger7,-0.00850000000000002,0.00339352505701759,0.00858955474746467,0,0,0,0.002896107088798,3.90815799215757E-07,-1.19114008207636E-22,-2.9778502051909E-23,3.2035854663496E-07,-5.56963721454074E-08,2.17193345079896E-07,0,0,0,0,0,0,package://Gripper02/meshes/finger7.STL,0.898039215686275,0.913725490196078,0.925490196078431,1,0,0,0,0,0,0,package://Gripper02/meshes/finger7.STL,,複製 of 組合件6-1/夾爪組合檔-1/手指組合檔-4-1/遠端指節側板-1;複製 of 組合件6-1/夾爪組合檔-1/手指組合檔-4-1/遠端指節側板-2,座標系統7,基準軸7,fingerjoint7,continuous,0,0,0.04,0,0,0,finger2,1,0,0,,,,,,,,,,,,
last2,-0.072389,0.072796,-0.17006,0,0,0,0.0048282,3.0082E-07,-3.9471E-08,-9.2265E-09,1.9216E-07,-2.8396E-08,3.0876E-07,0,0,0,0,0,0,package://Gripper02/meshes/last2.STL,0.1,0.1,0.1,1,0,0,0,0,0,0,package://Gripper02/meshes/last2.STL,,複製 of 組合件6-1/夾爪組合檔-1/手指組合檔-4-1/可拆式指尖_A-1,Origin_global,,lastjoint2,fixed,0.082841,-0.074082,-0.12651,2.3731,-0.22212,-0.22403,finger7,0,0,0,,,,,,,,,,,,
finger3,-0.00850000000000001,-0.00127018311559551,0.0197057060402941,0,0,0,0.00700436405042871,2.01040865272564E-06,-1.11173074327127E-21,-2.64697796016969E-22,1.91421201588811E-06,1.90756963141112E-08,7.79807183871612E-07,0,0,0,0,0,0,package://Gripper02/meshes/finger3.STL,0.898039215686275,0.913725490196078,0.925490196078431,1,0,0,0,0,0,0,package://Gripper02/meshes/finger3.STL,,複製 of 組合件6-1/夾爪組合檔-1/手指組合檔-2-1/近端指節側板-2;複製 of 組合件6-1/夾爪組合檔-1/手指組合檔-2-1/近端指節側邊固定塊-1;複製 of 組合件6-1/夾爪組合檔-1/手指組合檔-2-1/近端指節側板-1,座標系統3,基準軸3,fingerjoint3,continuous,0.026879,-0.030035,-0.289,-2.348,0,-2.1991,grey,1,0,0,,,,,,,,,,,,
finger8,-0.00850000000000001,0.00339352505701757,0.00858955474746462,0,0,0,0.002896107088798,3.90815799215757E-07,-2.5146290621612E-22,3.97046694025453E-23,3.2035854663496E-07,-5.56963721454071E-08,2.17193345079896E-07,0,0,0,0,0,0,package://Gripper02/meshes/finger8.STL,0.898039215686275,0.913725490196078,0.925490196078431,1,0,0,0,0,0,0,package://Gripper02/meshes/finger8.STL,,複製 of 組合件6-1/夾爪組合檔-1/手指組合檔-2-1/遠端指節側板-1;複製 of 組合件6-1/夾爪組合檔-1/手指組合檔-2-1/遠端指節側板-2,座標系統8,基準軸8,fingerjoint8,continuous,0,0,0.04,0,0,0,finger3,1,0,0,,,,,,,,,,,,
last3,-0.15797,0.044991,-0.17006,0,0,0,0.0048282,2.2574E-07,6.3866E-08,2.4155E-08,2.6724E-07,-1.755E-08,3.0876E-07,0,0,0,0,0,0,package://Gripper02/meshes/last3.STL,0.1,0.1,0.1,1,0,0,0,0,0,0,package://Gripper02/meshes/last3.STL,,複製 of 組合件6-1/夾爪組合檔-1/手指組合檔-2-1/可拆式指尖_A-1,Origin_global,,lastjoint3,fixed,0.047952,0.0012186,-0.20306,2.603,0.61474,0.7677,finger8,0,0,0,,,,,,,,,,,,
finger4,-0.00849999999999998,-0.0012701831155955,0.019705706040294,0,0,0,0.00700436405042871,2.01040865272563E-06,-2.64697796016969E-22,4.49986253228847E-22,1.91421201588811E-06,1.90756963141116E-08,7.7980718387161E-07,0,0,0,0,0,0,package://Gripper02/meshes/finger4.STL,0.898039215686275,0.913725490196078,0.925490196078431,1,0,0,0,0,0,0,package://Gripper02/meshes/finger4.STL,,複製 of 組合件6-1/夾爪組合檔-1/手指組合檔-1-1/近端指節側邊固定塊-1;複製 of 組合件6-1/夾爪組合檔-1/手指組合檔-1-1/近端指節側板-2;複製 of 組合件6-1/夾爪組合檔-1/手指組合檔-1-1/近端指節側板-1,座標系統4,基準軸4,fingerjoint4,continuous,0.036872,0.016282,-0.289,-2.348,0,-0.94248,grey,1,0,0,,,,,,,,,,,,
finger9,-0.00850000000000001,0.00339352505701761,0.00858955474746467,0,0,0,0.002896107088798,3.90815799215757E-07,-2.11758236813575E-22,6.61744490042422E-23,3.2035854663496E-07,-5.56963721454072E-08,2.17193345079896E-07,0,0,0,0,0,0,package://Gripper02/meshes/finger9.STL,0.898039215686275,0.913725490196078,0.925490196078431,1,0,0,0,0,0,0,package://Gripper02/meshes/finger9.STL,,複製 of 組合件6-1/夾爪組合檔-1/手指組合檔-1-1/遠端指節側板-1;複製 of 組合件6-1/夾爪組合檔-1/手指組合檔-1-1/遠端指節側板-2,座標系統9,基準軸9,fingerjoint9,continuous,0,0,0.04,0,0,0,finger4,1,0,0,,,,,,,,,,,,
last4,-0.15797,-0.044991,-0.17006,0,0,0,0.0048282,2.2574E-07,-6.3866E-08,2.4155E-08,2.6724E-07,1.755E-08,3.0876E-07,0,0,0,0,0,0,package://Gripper02/meshes/last4.STL,0.1,0.1,0.1,1,0,0,0,0,0,0,package://Gripper02/meshes/last4.STL,,複製 of 組合件6-1/夾爪組合檔-1/手指組合檔-1-1/可拆式指尖_A-1,Origin_global,Axis_lastjoint4,lastjoint4,fixed,-0.0649521113068099,0.00121860847597637,-0.20305901372771,-2.60298372402954,0.614744534347964,2.37389733444535,finger9,0,0,0,,,,,,,,,,,,
finger5,-0.00849999999999998,-0.0012701831155955,0.0197057060402941,0,0,0,0.00700436405042872,2.01040865272564E-06,-9.26442286059391E-22,8.60267837055149E-22,1.91421201588811E-06,1.90756963141121E-08,7.79807183871613E-07,0,0,0,0,0,0,package://Gripper02/meshes/finger5.STL,0.898039215686275,0.913725490196078,0.925490196078431,1,0,0,0,0,0,0,package://Gripper02/meshes/finger5.STL,,複製 of 組合件6-1/夾爪組合檔-1/手指組合檔-1/近端指節側板-2;複製 of 組合件6-1/夾爪組合檔-1/手指組合檔-1/近端指節側板-1;複製 of 組合件6-1/夾爪組合檔-1/手指組合檔-1/近端指節側邊固定塊-1,座標系統5,基準軸5,fingerjoint5,continuous,-0.0040912,0.040098,-0.289,-2.348,0,0.31416,grey,1,0,0,,,,,,,,,,,,
finger10,-0.0085,0.0033935,0.0085896,0,0,0,0.0028961,3.9082E-07,-1.9852E-22,-4.6322E-23,3.2036E-07,-5.5696E-08,2.1719E-07,0,0,0,0,0,0,package://Gripper02/meshes/finger10.STL,0.89804,0.91373,0.92549,1,0,0,0,0,0,0,package://Gripper02/meshes/finger10.STL,,複製 of 組合件6-1/夾爪組合檔-1/手指組合檔-1/遠端指節側板-1;複製 of 組合件6-1/夾爪組合檔-1/手指組合檔-1/遠端指節側板-2,座標系統10,基準軸10,fingerjoint10,continuous,0,0,0.04,0,0,0,finger5,1,0,0,,,,,,,,,,,,
last5,-0.072389,-0.072796,-0.17006,0,0,0,0.0048282,3.0082E-07,3.9471E-08,-9.2265E-09,1.9216E-07,2.8396E-08,3.0876E-07,0,0,0,0,0,0,package://Gripper02/meshes/last5.STL,0.1,0.1,0.1,1,0,0,0,0,0,0,package://Gripper02/meshes/last5.STL,,複製 of 組合件6-1/夾爪組合檔-1/手指組合檔-1/可拆式指尖_A-1,Origin_global,,lastjoint5,fixed,-0.099841,-0.074082,-0.12651,-2.3731,-0.22212,-2.9176,finger10,0,0,0,,,,,,,,,,,,
