Link Name,Center of Mass X,Center of Mass Y,Center of Mass Z,Center of Mass Roll,Center of Mass Pitch,Center of Mass Yaw,Mass,Moment Ixx,Moment Ixy,Moment Ixz,Moment Iyy,Moment Iyz,Moment Izz,Visual X,Visual Y,Visual Z,Visual Roll,Visual Pitch,Visual Yaw,Mesh Filename,Color Red,Color Green,Color Blue,Color Alpha,Collision X,Collision Y,Collision Z,Collision Roll,Collision Pitch,Collision Yaw,Collision Mesh Filename,Material Name,SW Components,Coordinate System,Axis Name,Joint Name,Joint Type,Joint Origin X,Joint Origin Y,Joint Origin Z,Joint Origin Roll,Joint Origin Pitch,Joint Origin Yaw,Parent,Joint Axis X,Joint Axis Y,Joint Axis Z,Limit Effort,Limit Velocity,Limit Lower,Limit Upper,Calibration rising,Calibration falling,Dynamics Damping,Dynamics Friction,Safety Soft Upper,Safety Soft Lower,Safety K Position,Safety K Velocity
base_link,-1.6859E-10,-2.3936E-13,0.11772,0,0,0,140.12,5.6308,2.6029E-12,2.049E-09,10.563,2.8773E-12,14.827,0,0,0,0,0,0,package://PowerAGV/meshes/base_link.STL,1,0.5,0,1,0,0,0,0,0,0,package://PowerAGV/meshes/base_link.STL,,AGV_lite-1,座標系統5,,,,0,0,0,0,0,0,,0,0,0,,,,,,,,,,,,
aluminum,-0.21243,-0.30655,0.285,0,0,0,4.7573,0.71676,-0.0009613,-3.3064E-15,0.62104,0.00085922,0.44159,0,0,0,0,0,0,package://PowerAGV/meshes/aluminum.STL,0.79216,0.81961,0.92941,1,0,0,0,0,0,0,package://PowerAGV/meshes/aluminum.STL,,PCV底座-1/BPF-4040-570-2;PCV底座-1/BPF-4040-414-4;PCV底座-1/BPF-4040-127.5-3;PCV底座-1/BPF-4040-127.5-4;BPF-4040-650-2;BPF-4040-650-1;PCV底座-1/BPF-4040-575-2;PCV底座-1/BPF-4040-414-2;PCV底座-1/BPF-4040-127.5-1;PCV底座-1/BPF-4040-127.5-2;PCV底座-1/BPF-4040-414-3;PCV底座-1/BPF-4040-414-1;PCV底座-1/BPF-4040-575-5;PCV底座-1/BPF-4040-570-1;PCV底座-1/BPF-4040-575-6;PCV底座-1/BPF-4040-986-2;PCV底座-1/BPF-4040-575-3;PCV底座-1/BPF-4040-986-1;PCV底座-1/BPF-4040-575-4;PCV底座-1/BPF-4040-575-1,Origin_aluminum_joint,Axis_aluminum_joint,aluminum_joint,fixed,-0.285,0.30749999999996,0.272999999999907,0,1.5707963267949,0,base_link,0,0,0,,,,,,,,,,,,
steel,-0.12311,0.40877,0.12282,0,0,0,14.886,1.5656,-0.07363,-0.0021914,1.4556,-0.017589,0.96268,0,0,0,0,0,0,package://PowerAGV/meshes/steel.STL,0.9,0.92,0.9,1,0,0,0,0,0,0,package://PowerAGV/meshes/steel.STL,,底座固定板-1;1101CAAND01AA(下底板)-1;配電盤-1;PCV底座-1/Free_roller_L565_D60-4;PCV底座-1/Free_roller_L565_D60-7;PCV底座-1/Free_roller_L565_D60-1;PCV底座-1/Free_roller_L565_D60-8;PCV底座-1/Free_roller_L565_D60-2;PCV底座-1/Free_roller_L565_D60-9;PCV底座-1/Free_roller_L565_D60-6;PCV底座-1/Free_roller_L565_D60-3;PCV底座-1/Free_roller_L565_D60-10;PCV底座-1/Free_roller_L565_D60-5;PCV底座-1/sensor_R-1/sensor固定座-1;PCV底座-1/sensor_R-1-1/sensor固定座-1;PCV底座-1/皮帶側護蓋-1;PCV底座-1/皮帶側護蓋-2;PCV底座-1/sensor_T-1-1/sensor固定座-1;PCV底座-1/sensor_T-1/sensor固定座-1;底座固定板-4;底座固定板-2;底座固定板-3;PCV底座-1/電極固定座V1-1;PCV底座-1/電極-1/電極.stp-1/電極.stp-1;PCV底座-1/電極-1/電極.stp-1/電極.stp-2;PCV底座-1/電極-1/電極.stp-1/電極固定座1.stp-1;電池底座-1;固定側板-2;固定側板-1,Origin_steel_joint,Axis_steel_joint,steel_joint,fixed,0.0049999999999067,-0.204999999999959,0.160000000000007,0,0,1.5707963267949,aluminum,0,0,0,,,,,,,,,,,,
block,0.021218,-0.082641,-0.016446,0,0,0,0.84364,0.015423,-0.0004994,-0.0041738,0.034601,-0.00014105,0.032311,0,0,0,0,0,0,package://PowerAGV/meshes/block.STL,0.1,0.1,0.1,1,0,0,0,0,0,0,package://PowerAGV/meshes/block.STL,,24V75Ah_D_TYPE-NEW(2)-1/AUO_MP_24V_HOUSING_ASM_5_ASM-1/AUO_MP_24V_HOUSING_C_1-1;24V75Ah_D_TYPE-NEW(2)-1/HY8A001-41-1;24V75Ah_D_TYPE-NEW(2)-1/AUO_MP_24V_HOUSING_ASM_5_ASM-1/AUO_MP_24V_HOUSING_D_4a-1;24V75Ah_D_TYPE-NEW(2)-1/AUO_MP_24V_HOUSING_ASM_5_ASM-1/AUO_MP_24V_HOUSING_E_1-1;PCV底座-1/sensor_T-1-1/PZ-G51N_P_52N_P-T-1;PCV底座-1/sensor_T-1/PZ-G51N_P_52N_P-T-1;PCV底座-1/sensor_R-1/PZ-G51N_P_52N_P-R-1;PCV底座-1/sensor_R-1-1/PZ-G51N_P_52N_P-R-1;24V75Ah_D_TYPE-NEW(2)-1/AUO_MP_24V_HOUSING_ASM_5_ASM-1/AUO_MP_24V_HOUSING_A_3-1;24V75Ah_D_TYPE-NEW(2)-1/AUO_MP_24V_HOUSING_ASM_5_ASM-1/AUO_MP_24V_HOUSING_B_1-1,Origin_block_joint,Axis_block_joint,block_joint,fixed,-0.00460000000000993,0.178899999999971,0.0470000000000044,1.57079632679491,1.5707963267949,0,steel,0,0,0,,,,,,,,,,,,
